review_text,true_label,predicted_label,model_confidence,rating,category
We used these with 3 of my 3 year old grandkids. They really enjoy playing with them,fake,real,0.9999868869781494,5.0,Toys_and_Games_5
Pros: Wash well Laundry bag included thicker than expected Great quality materials Cons: Too small for my petite frame I had to return it.,fake,real,0.9999842643737793,3.0,Clothing_Shoes_and_Jewelry_5
I enjoyed the two stories contained in this book. These are the only books by these authors that I have read.,real,fake,0.9999839067459106,5.0,Kindle_Store_5
"They fit perfect, they look expensive, they are the most confortable shoes that i had ever. I love the design",real,fake,0.9999834299087524,5.0,Clothing_Shoes_and_Jewelry_5
"I have two of these, one for the kitchen and one for the dining room.",real,fake,0.9999834299087524,5.0,Home_and_Kitchen_5
Not at all what I was expecting. This was a large box of plastic pieces that don't fit together. I'm sure the only way this toy would be usable is if you glued the pieces together.,real,fake,0.999982476234436,1.0,Toys_and_Games_5
"Very comfortable, just a little short for my taste. I also have long legs, so that might be the issue.",real,fake,0.9999804496765137,4.0,Sports_and_Outdoors_5
"I use these in my trade and for the price it's great. I use a lot of them so I needed to find a good price, and I did.",real,fake,0.9999797344207764,5.0,Tools_and_Home_Improvement_5
Received product at discount for honest review Waking Up by Kirsten Clare I am a huge fan of both Haus of Tars and The Blind Side.,fake,real,0.9999775886535645,5.0,Kindle_Store_5
My baby is 9 months old and LOVES this toy. She loves opening the lid and pulling the toys out. They are the perfect size to fit in her hands.,real,fake,0.999971866607666,5.0,Toys_and_Games_5
"This was a vital tool for me to complete my repair. IT allowed me to get into a space that a 3/8"" drive would not fit",real,fake,0.999971866607666,5.0,Tools_and_Home_Improvement_5
Ainsley finds out more about herself. She is going to pick the next Alpha. She just doesn't know who it will be. This story is well written and has great characters. I am ready for the next book to find out what happens.,real,fake,0.9999700784683228,5.0,Kindle_Store_5
"Nice, relatively easy puzzle for 4-year old. Does light up in dark! Very fun",real,fake,0.9999686479568481,5.0,Toys_and_Games_5
"Looks great, sharp, compact, and has nice weight to it. Nice little hatchet.",real,fake,0.9999668598175049,5.0,Sports_and_Outdoors_5
"They're exactly as shown, but for some reason I had expected them to look better. I don't know. They're nice enough. I like them, but I'm not in love with them or anything. They fit as expected.",real,fake,0.9999526739120483,4.0,Clothing_Shoes_and_Jewelry_5
"Fits my 140 pound German Shepherd, not an easy thing to do.",real,fake,0.9999468326568604,4.0,Pet_Supplies_5
I've ordered a couple of different type of wired connectors and these are the only ones that seemed to work for my 5050 led strips,real,fake,0.9999444484710693,5.0,Tools_and_Home_Improvement_5
"I like these underwear. They came in a variety of colors. I like the fabric, it is smooth and it stays in place. The only thing that I don't like is that the lining that goes in the private part is white; I just wished the lining was of the same color of the rest of the bikini.",real,fake,0.9999346733093262,4.0,Clothing_Shoes_and_Jewelry_5
My picky dog loves these and it's an excellent source of omega 3,real,fake,0.9999121427536011,5.0,Pet_Supplies_5
"<a data-hook=""product-link-linked"" class=""a-link-normal"" href=""/Peakeep-Digital-Alarm-Clock-Battery-Operated-with-Large-Display-Dual-Alarm-Snooze-Travel-Alarm-Clock-and-Home-Alarm-Clock-Optional-Weekday-Alarm-and-Smart-Night-Light-White/dp/B012LZZ326/ref=cm_cr_arp_d_rvw_txt?ie=UTF8"">Peakeep Digital Alarm Clock Battery Operated with Large Display Dual Alarm Clock</a>&nbsp;<a data-hook=""product-link-linked"" class=""a-",fake,real,0.9999097585678101,3.0,Home_and_Kitchen_5
The material is somewhat thin. I need to wear it with a tank underneath.,real,fake,0.9998953342437744,3.0,Clothing_Shoes_and_Jewelry_5
My Man LOVED me in this! we had an AMAZING night when I put this on for him.,real,fake,0.9998940229415894,5.0,Clothing_Shoes_and_Jewelry_5
"my daugher loves these figures. they have lasted a few months now. if you are a fan, buy these",real,fake,0.999885082244873,5.0,Toys_and_Games_5
"Smells amazing! My dog loves these treats and they are the perfect size for training, and for small dogs.",real,fake,0.9998574256896973,5.0,Pet_Supplies_5
Love the color. Love that it is lightweight. The bowls are much larger than expected.,real,fake,0.9998495578765869,5.0,Home_and_Kitchen_5
Couldn't be happier with the TMNT croc. My grandson loves to wear them.,real,fake,0.9998310804367065,5.0,Clothing_Shoes_and_Jewelry_5
"Beware!! I purchased this a year ago and just bought a second one. It's supposed to be the exact same item, but the new one is very flimsy and much smaller. I'm going to try to return it. I doubt this new version will hold up.",real,fake,0.999818742275238,1.0,Pet_Supplies_5
This knife is just what I wanted. It's a great knife,real,fake,0.9998111128807068,5.0,Tools_and_Home_Improvement_5
"l like this blue (""\(-) \ / 0\ \ ( )"" \__T__/",real,fake,0.9997970461845398,5.0,Clothing_Shoes_and_Jewelry_5
"The pillowcases arrived early, which was very much appreciated because the pillow arrived the day before. The pillowcases are very soft and fit the pillow exactly. I am very pleased with this purchase.",real,fake,0.9997902512550354,5.0,Home_and_Kitchen_5
Great Book love the way the author made me feel like I was there .You are going to have to go read the book and see what you think about the book. Thank you for letting me read the book I Love it . Thank you from Patricia,real,fake,0.9997901320457458,5.0,Kindle_Store_5
I liked the lalaloopsy because it was a good part of my collection.,real,fake,0.9997864365577698,5.0,Toys_and_Games_5
this is a nice windbreaker jacket for cool weather. it is thin and lightweight. I'm not used to this type of collar but that's not a big deal. nice fit.,real,fake,0.9997739195823669,5.0,Sports_and_Outdoors_5
SHEET COLOR IS NICE BUY FOR MY SIZE FOR MY TOWN.,fake,real,0.9997437596321106,2.0,Home_and_Kitchen_5
Great for wearing with jeans. It fit true to size. It is very comfortable. I have a wide foot so I always worry about fit. This shoe is great.,real,fake,0.9997178912162781,5.0,Clothing_Shoes_and_Jewelry_5
Good western romance. Anna and Jack have been through hell together but now they need each other. Can Anna and Jack find their way back together and get through the trials and tribulations that were causing,fake,real,0.9997116923332214,5.0,Kindle_Store_5
Was a. really great book.very exciting .I never lost interest.the book keeps you guessing. I've read the series twice now and have enjoyed the books,real,fake,0.999701201915741,5.0,Books_5
I LIKE THE MINI EVIL BUT DOES NOT LOOK AT ALL LIKE THE GIRLS I RECOM,fake,real,0.9996793270111084,4.0,Clothing_Shoes_and_Jewelry_5
"If you want to determine what type of paint you are going to use for your child's pet project, check out the following Resources: 1) Tamiya Paint Brush 2) Paintbrush 3) Paintbrush 4) Paintbrush 5) Tamiya Paint Brush 6",fake,real,0.9995874762535095,5.0,Toys_and_Games_5
"It's not a pretty looking shoe, but they are VERY comfortable. Great for long walks. I bought them for my trip to NY city. I'm so in love with this shoes that I bought another pair.",real,fake,0.9995784163475037,5.0,Clothing_Shoes_and_Jewelry_5
"a good book, interesting story, kept my interest. nothing exceptional, just a good, solid read. I would recommend this book",real,fake,0.9995654225349426,3.0,Kindle_Store_5
Great book. Love this author and will continue to support her work.,real,fake,0.9995126724243164,5.0,Kindle_Store_5
No problem with delivery. My dog loves it. A little big for him but he does not care.,real,fake,0.9994912147521973,5.0,Pet_Supplies_5
"This standalone story was very good. There were a lot of typos and misspellings, but it was still worth reading.",real,fake,0.9993615746498108,5.0,Kindle_Store_5
"Great bra, I love it and wear it every day! I'm a 38 HH and it is so hard for me to find good bras.",real,fake,0.9993178844451904,5.0,Clothing_Shoes_and_Jewelry_5
"Sturdy, holds all my Camis and makes them easy to access.",real,fake,0.9993025064468384,5.0,Home_and_Kitchen_5
Started reading as an e-book and decided that I wanted the paper copies to read over and over.,real,fake,0.9992545247077942,5.0,Books_5
Good package. But I hardly noticed it until the night before I got home from work.,fake,real,0.999228835105896,4.0,Tools_and_Home_Improvement_5
"These are fantastic shoes -- very lightweight and comfortable. They have a mesh-like top, so they're breathable, too. These are the most comfortable walking shoes I've found in years, and I'm delighted with them.",real,fake,0.9991445541381836,5.0,Clothing_Shoes_and_Jewelry_5
"Well-made, full brushes. I just started using them, but they feel like they will hold their bristles for years. Also have a nice, solid set of bristles.",real,fake,0.999125063419342,4.0,Home_and_Kitchen_5
much smaller than i thought. worthless to me.. the dogs bowl is bigger than this,real,fake,0.9990335702896118,3.0,Pet_Supplies_5
"This series is addictive, got me hooked and started the next one in the series. I can't wait for the next one!",fake,real,0.9989493489265442,5.0,Kindle_Store_5
"outstanding speaker. a little more bass, but overall sound is good.",fake,real,0.9989302754402161,5.0,Electronics_5
Typical high quality Leupold product. They mount a Leupold VX3 on a 5.,real,fake,0.9986867308616638,5.0,Sports_and_Outdoors_5
Christian scifi but a very different read. Its just a bit too far out for me.,real,fake,0.9986435770988464,3.0,Kindle_Store_5
Just size up and you will be good. My husband loves these. Warm and comfortable. Looks foreword to putting them on every night. The more you wear them the better they get,real,fake,0.9985750913619995,5.0,Sports_and_Outdoors_5
Exactly as I wanted! Can't say enough good things about this tool.,fake,real,0.9984025359153748,4.0,Tools_and_Home_Improvement_5
when you can make life better.) Waking the Dead This movie was one of,fake,real,0.9981117248535156,5.0,Movies_and_TV_5
Super Nice Shirt. Did not expect it to be as nice as it is.,real,fake,0.9978504180908203,5.0,Clothing_Shoes_and_Jewelry_5
"I enjoyed this book. Especially the way the story was told from different viewpoints throughout the story. There were times when the author would include lengthy sections that had little to do with the story, but otherwise it was an enjoyable mystery.",real,fake,0.997343122959137,3.0,Books_5
GREAT LIGHTS - VERY HAPPY AND VERY TAKENING - WELL WELL,fake,real,0.9970826506614685,5.0,Tools_and_Home_Improvement_5
Love this hanky ! Made me cry and I know it will make my dad cry too.,real,fake,0.9968968629837036,5.0,Clothing_Shoes_and_Jewelry_5
"Received the item in a timely matter, the condition was just as it said it would be, in good condition.",real,fake,0.9966245889663696,4.0,Movies_and_TV_5
First time I bowled in a sporting event with my Dad I saw him wearing a dress and he was so impressed.,fake,real,0.9962102174758911,5.0,Clothing_Shoes_and_Jewelry_5
A gift for a big Cub's fan. He loved it.,real,fake,0.9961147308349609,5.0,Sports_and_Outdoors_5
These buds never fit quite as tightly as the regular ones I got from my Sony A7000.,fake,real,0.9957088232040405,2.0,Electronics_5
"Complements different color schemes, that are more vibrant and more comfortable.",fake,real,0.9956056475639343,4.0,Home_and_Kitchen_5
Much smaller than expected. I had to purchase another one just so it would be long enough for me to lay down on it.,real,fake,0.9953708052635193,3.0,Sports_and_Outdoors_5
135lb 9mo Leonberger FINALLY an African Grey and the vet recommended this collar.,fake,real,0.9953633546829224,5.0,Pet_Supplies_5
Chickens love this! Only problem is it doesn't stay in place after a few days!,fake,real,0.9952656030654907,5.0,Pet_Supplies_5
EXCELLENT NARRATIVE OF THE BATTLE FOR THE TEXAS.,fake,real,0.9942647814750671,5.0,Books_5
This series is one of the best that I have ever read. I love her work.,real,fake,0.9935855269432068,5.0,Kindle_Store_5
"Just as nice as the old ones, the finish is a little on the cheap side.",fake,real,0.9924899935722351,5.0,Tools_and_Home_Improvement_5
"I really am sad to see this book end. I hope it ends well! If you like paranormal stories, this is a must read for you. I was given this book by NetGalley",fake,real,0.9892072677612305,4.0,Kindle_Store_5
"Very tight around the ankle, which is a problem I've never had.",real,fake,0.9889328479766846,2.0,Clothing_Shoes_and_Jewelry_5
NOT MUCH TO SAY THEIR PRICE IS GREAT FOR A TEN YEARS OF USE.,fake,real,0.9887731671333313,5.0,Sports_and_Outdoors_5
Great little night stand. Perfect for our son's room. Easy to put together. I would order this again.,real,fake,0.9875057935714722,5.0,Home_and_Kitchen_5
Beautiful shower curtain. Just what I wanted. Looks good in my bathroom.,fake,real,0.9795246720314026,5.0,Home_and_Kitchen_5
"These two were dealing with issues of the past and present. The story starts out with the self-help book The Realistic Mindset by the author, Kate Davis. This book takes a look at the relationship between your therapist and your best friend and how to find the right one.",fake,real,0.9788084030151367,5.0,Kindle_Store_5
I love these sheets and just bought a second set for my son. Very soft and they hold up great.,real,fake,0.9686574339866638,5.0,Home_and_Kitchen_5
"Here is what British TV looks like, with the exception of the first half hour. While the two main characters are hardly your typical actors",fake,real,0.9674859046936035,5.0,Movies_and_TV_5
great tool ....my knives are a sharp as when I purchased them new,real,fake,0.965056836605072,5.0,Home_and_Kitchen_5
In away I did like the story but it was just a little to short for my liking but the story line was good,real,fake,0.9597885012626648,3.0,Kindle_Store_5
"Great movie and just good entertainment, which allows one to escape from a life for a short time.",real,fake,0.9589911103248596,5.0,Movies_and_TV_5
Classic movie that I was thrilled to find on DVD. I was a little worried about quality since it is an old movie but it was a great picture.,real,fake,0.9537379741668701,4.0,Movies_and_TV_5
"A gripping tale about space exploration, the risk it entails, and the emotions involved. It will make you look at deep space exploration in a new light.",real,fake,0.9482273459434509,5.0,Movies_and_TV_5
Awesome wastebasket!!! I would recommend it to anyone! Especially if you have a tight space like the bathroom.,real,fake,0.9459145069122314,5.0,Home_and_Kitchen_5
No complaint. Great product. Pick a size smaller than your normal. These gloves are supposed to fit tightly.,real,fake,0.935753583908081,5.0,Sports_and_Outdoors_5
"they look pretty, will see some wear and tear on them but overall they are just the right size",fake,real,0.931079089641571,4.0,Home_and_Kitchen_5
Bought in 2002. still works great but if I had to buy again I'd go LED,real,fake,0.9252076745033264,4.0,Tools_and_Home_Improvement_5
The dispenser is great I use it as an alternative to the traditional GSD dispenser.,fake,real,0.921917736530304,5.0,Pet_Supplies_5
"Really great iron...my only thing is it doesn't stay in place after washing, it slides out",fake,real,0.9148692488670349,4.0,Home_and_Kitchen_5
"Quiet, good airflow. Love it. Works great, just as advertised.",fake,real,0.9138365983963013,5.0,Electronics_5
"I short quick read. Nothing spectacular, but a good a story.",real,fake,0.906633734703064,3.0,Kindle_Store_5
My boys were very happy. The set is a fun little design.,real,fake,0.8700725436210632,5.0,Toys_and_Games_5
great doorbell! I am using it to replace an older one that finally quit working after 20 years.,real,fake,0.8602394461631775,5.0,Tools_and_Home_Improvement_5
"Very cute, the girls loved them but they are very small.",real,fake,0.8466190695762634,4.0,Toys_and_Games_5
"Of course it is a cliffhanger. Not for the faint of heart. While I enjoyed the story, I found myself saying,",fake,real,0.785921573638916,5.0,Kindle_Store_5
Great pair of gloves for doing yard work. Not too stiff and pretty tough.,real,fake,0.7784516215324402,5.0,Tools_and_Home_Improvement_5
"While there's no real depth, it feels as though you're either left with a hard time following the story or have the story you want to read but have no idea what it is",fake,real,0.6840423345565796,3.0,Kindle_Store_5
This AC wireless router is fast and was very easy to set up for my simple Home WIFI. Great value for the price,real,fake,0.6073548793792725,5.0,Electronics_5
Love it. Can't wait to read another story from this author,real,fake,0.555266261100769,5.0,Kindle_Store_5
"Another romance I remember seeing in an old movie, and I saw it again recently. This time I was not the kid.",fake,real,0.5465052127838135,5.0,Movies_and_TV_5
